age,tenure,monthly_charges,total_charges,num_products,has_internet,is_senior,churn
56,14,67.66954750411591,5157.566661321028,3,1,0,0
69,63,59.43653238183502,2457.635807658826,3,1,1,0
46,27,74.94142384304533,1999.0208707259221,1,1,1,0
32,38,94.68757161358226,2564.002732033816,2,0,1,0
60,56,91.54909070992744,2122.775764329139,2,1,0,0
25,16,72.12341324853344,343.24139231753804,4,1,0,1
38,43,102.23934188170581,7775.111034885651,4,1,0,1
56,24,63.08620915380333,1843.8893587769758,3,0,0,0
36,16,109.67142898401224,5898.83512445552,1,0,0,0
40,12,27.12802700551639,6124.511518083985,3,0,1,0
28,24,115.46600300333074,7441.1334442571115,4,1,0,0
28,67,85.46930814313482,341.3407110377018,1,0,1,0
41,9,58.00745089372053,6989.181873731361,1,0,1,0
53,66,39.715412657287736,4265.086828634422,4,1,0,0
57,17,67.91832294436,5097.098468730041,2,1,1,0
41,33,39.4558323185301,5191.315189256166,2,0,0,0
20,7,36.63316077431422,6576.402659379348,1,1,1,0
39,39,81.73517574129741,2733.917845056973,3,1,0,0
19,41,72.30847245817847,5891.104399893948,2,1,0,1
41,40,87.00960346109417,4275.767066805357,3,1,1,0
61,5,112.96058774219892,6367.812713012247,2,0,0,1
47,51,73.22602133390401,7925.313658884054,2,1,1,1
55,25,78.09320532627977,1685.1430374897138,3,0,0,0
19,63,28.962633915494212,7957.724268323983,4,0,0,0
38,58,91.76357859086295,809.5160188339146,2,0,0,0
50,55,59.99052068041562,118.30862844802954,2,0,1,1
29,58,117.67252386625789,448.87929580486696,3,1,1,0
39,69,102.31740155956602,2800.0809974204176,4,1,0,0
61,32,72.24810405161183,5099.96001235963,2,1,1,0
42,52,32.322265417216606,645.3333730140121,2,0,0,0
66,21,105.94157932805892,144.75993478358143,4,0,1,0
44,20,99.97810954240217,7503.019124824479,2,0,1,1
59,69,38.4585129537033,6593.220423925444,4,1,0,1
45,69,49.527828922031006,6492.5470519983455,4,0,0,0
33,3,99.34072581478372,7086.951776465619,3,1,0,1
32,61,38.522844654740965,5630.270754899625,1,1,0,0
64,61,111.77524891713773,924.7926250098434,4,1,0,0
68,23,62.45274251963619,3252.891485782412,3,1,1,1
61,54,28.703896258765866,5812.880943070573,1,0,1,0
69,8,101.57486435042809,2314.642240253015,2,1,0,1
20,2,57.35096830383876,5530.510276676277,1,0,0,0
54,30,72.6499194153781,293.53774131445357,4,1,0,1
68,39,31.230434441121915,2518.4849929487864,4,0,1,0
24,35,20.25840148449824,4438.129656589664,4,0,0,0
38,23,83.79852057932976,5093.509653099314,4,1,0,0
26,5,71.51751703337317,4658.621249249096,4,1,1,1
56,65,79.35385691231471,5612.274580980093,3,1,1,0
35,3,99.37438503805163,148.10111109472865,4,0,1,1
21,5,84.66059134228601,897.4354798224198,3,1,1,1
42,50,37.47734428273772,6964.659593005246,2,1,0,0
31,61,56.07725191105998,5485.814288312274,4,0,1,0
67,56,110.58911047877604,992.1599772194893,4,1,1,1
26,65,96.9944700251679,6752.388055448776,1,0,0,1
43,7,75.66370579367172,2013.6266208140787,2,1,0,1
19,25,45.56449978092723,3878.2530851422653,4,0,0,0
37,50,50.206050183479505,1247.0524517888164,4,0,1,0
45,44,93.19580675856345,5709.869445731482,2,1,0,0
64,43,105.11742608527709,5368.149926012716,3,0,1,0
24,4,87.14246695306144,1767.7885222124758,4,1,1,1
61,69,100.95299757684418,6920.866058170314,1,1,1,0
25,25,96.6656135200406,3270.3175913357263,4,0,0,0
64,67,34.97039679569578,2410.8692194588602,1,1,1,1
52,18,62.3944812913302,1303.4037567698301,1,0,0,1
31,19,35.29838008285627,2202.727298872746,4,0,0,0
34,11,43.52355848019848,274.0126776681543,4,0,0,1
53,46,106.92596246510526,4707.734190403313,1,0,1,0
67,0,67.28919656331821,6753.622896117188,2,0,1,0
57,13,73.53581018426608,4436.94555058897,2,0,1,0
21,63,37.84459652277721,1832.2642991986181,4,0,0,0
19,37,51.2271786048796,365.98650788959446,3,0,1,0
23,36,43.024616842787,1795.5617787445424,2,1,1,0
59,10,40.61861645184264,3387.359281761629,4,1,1,0
21,2,83.79607933159701,6100.930286728392,2,0,1,1
46,32,45.68838476457148,1583.9585350484153,3,1,1,0
35,5,83.20154860204184,5786.35248150202,4,1,0,1
43,49,25.845461410855393,6948.774399979881,3,1,0,0
61,9,34.17743935271019,3686.180100056021,4,1,0,1
51,4,47.45402540001254,6589.312733976487,3,1,0,0
27,22,79.70469168956916,4481.793049477255,2,1,1,0
53,9,87.5841245087376,5133.017612939149,2,0,0,1
31,43,64.27169667795272,4257.599836671801,3,1,1,0
48,1,64.5790914577229,3759.0644623355997,3,1,0,0
65,12,92.45168513986181,1953.76219002921,3,1,0,0
32,39,21.582109176558244,2495.233069742264,4,1,0,0
25,1,54.10900244742206,2390.7639396545114,2,0,1,0
31,64,101.87070571192328,4549.982554535136,4,0,1,0
40,62,80.32194102133722,1047.6341748887303,2,0,0,0
57,16,53.722713275542034,7342.654356548447,1,0,1,0
38,8,110.55247923296739,5793.175647736594,4,1,0,1
33,14,97.26227274493826,3271.42048421423,2,0,0,0
62,23,46.48954472367334,1353.130741758386,2,0,0,1
35,37,84.52898375257169,7067.738140800923,4,0,1,0
64,34,79.57507281889568,6607.846911799205,4,0,0,0
41,48,60.11879140389827,5801.600266465716,2,1,0,0
43,68,56.695607920480064,2245.2216745488145,4,0,0,0
42,61,54.35604747757039,3279.3284357259845,3,1,1,0
62,59,81.71557833956467,911.7111943741445,4,0,0,0
58,49,64.24099364806695,1593.4122453475006,4,1,1,0
46,8,103.1863113251422,6285.8314348021895,4,1,0,1
32,33,86.96026161339618,5748.805878920402,2,0,1,0
62,34,26.993160570943413,4788.537527509884,3,0,0,0
18,0,84.01682238281661,7176.241134816765,1,0,0,1
42,39,47.11474365001848,4707.805490723059,1,0,1,0
24,63,79.28119916534227,3789.0471997125246,3,1,1,0
26,21,88.01319311034514,2788.9288958155253,3,1,0,0
41,59,43.08291891540121,7529.543195315763,3,0,1,0
18,63,65.68586448803686,753.4521460423927,2,0,0,0
61,71,39.032486281906785,7454.0102392803865,1,1,0,0
25,10,25.23388757865083,6631.0458134550445,3,0,0,0
41,13,57.84764234858691,1126.4464038320402,2,1,1,0
28,59,56.2944271845992,4563.376425634503,1,0,0,0
68,29,119.5480490704257,6945.7290558177865,4,1,1,0
34,34,64.63523511976422,4617.292392496514,2,1,0,0
25,36,53.35695494722004,7266.878590328916,1,1,1,1
52,4,78.04750067166746,7549.572152846736,2,1,1,1
52,25,28.876739410776846,3436.8377252560167,1,1,0,1
50,61,116.16657359548132,3080.7779251099564,1,0,1,0
22,3,83.49600455910331,7496.937116356339,4,1,0,1
59,41,95.48378199408478,5433.606483082378,2,0,0,0
56,17,37.04779381739175,1016.5791826505374,3,1,0,1
58,39,60.94778530052039,434.1048188591815,4,1,0,0
45,71,62.26891133961895,4560.569502878378,4,0,0,0
24,38,102.18064439010868,7448.3506269635545,1,0,1,0
26,13,20.123667975940943,6769.5647490059655,3,0,0,1
25,31,50.08531083532551,5439.197197068258,2,0,1,0
29,50,118.12363743443039,1199.0152062395914,3,1,1,0
51,37,67.48865435062186,2108.427931614695,3,0,0,0
50,22,58.25262802440083,7016.538689765667,3,1,1,0
65,62,31.982900201764636,1544.1771695895136,3,0,0,0
40,14,117.41646286280155,2299.671325178433,3,0,1,0
41,24,22.002635592582447,1123.8451444439916,1,1,1,1
54,16,93.71802250072432,5441.255028173848,1,1,1,0
52,65,96.85998047885084,7557.460212369356,4,0,0,0
61,52,44.36567160638666,2224.847449603549,1,1,1,0
57,50,87.15584436130374,3855.7122020155825,4,1,0,1
39,38,29.292914437938993,5111.283943718514,4,1,1,0
44,50,45.70472664320799,7995.783360903482,2,1,1,0
52,69,98.7901988292265,927.9837134808197,3,1,1,0
18,5,106.46861920335402,4038.709316095102,1,1,1,1
52,66,80.84864126597913,3142.4489472297505,2,1,0,0
54,6,70.68384318204826,6939.979305256606,1,1,0,1
64,50,35.93040206189803,3860.145074992082,4,0,1,0
31,71,26.310903307915016,976.7224442226699,1,1,1,0
20,41,31.764902847355863,5111.950747764011,3,0,0,0
18,63,42.73573000960988,6189.16688428465,4,1,0,0
22,14,54.16745018969208,122.76188815835528,4,1,0,0
43,28,58.090952551098724,6885.757814822973,2,1,0,0
31,32,54.63217685890035,1569.5817000447585,3,1,1,0
56,26,43.905533219726564,4461.347980761685,4,0,1,0
44,35,70.9724246751698,3384.800255430856,3,0,0,0
26,28,102.52861082328968,5785.2651512231905,1,1,0,0
32,37,47.97035384714792,3032.1767568073606,3,0,0,0
32,56,114.23870191022331,6971.129095785515,4,1,0,0
43,26,107.33366617238478,5870.921251574443,2,1,0,0
59,54,36.17642113521096,5216.93405139708,4,0,0,0
30,32,98.62759567570944,6390.300704946549,3,0,1,0
68,67,77.45873823177666,6056.78197593422,3,1,1,0
49,65,76.65753621714185,383.9155318802714,4,1,1,0
56,9,59.10427630581744,3218.4013953741423,3,0,0,0
66,4,70.11529991820098,7453.3776488002695,1,1,0,1
69,37,59.717877742921104,1093.221725038587,4,0,0,0
49,12,73.97326187599428,5923.062748413205,2,1,1,0
21,30,82.79500527726358,7799.275309549104,4,1,0,0
47,46,87.43038064090484,512.3691694552758,1,0,0,0
54,51,73.24811925594261,5489.331656950223,1,0,1,0
40,55,92.14220673287318,3798.4177162781402,1,0,0,0
56,14,34.12780492755058,4675.484517460305,1,1,1,1
62,28,41.198249090223854,774.1965582261663,1,1,1,0
32,7,101.87350040742702,439.7549197488219,2,1,0,1
60,4,52.252797784641515,5368.246618352281,3,1,1,1
46,28,22.289382497612024,6604.144495583671,1,0,0,0
53,46,35.37911496680311,6277.921145970441,1,1,1,0
30,67,42.361443449631125,4396.065250143275,4,1,0,0
49,44,115.73228878945872,888.9478869758076,2,1,1,0
24,1,77.30414289308493,5535.551106304509,2,0,0,1
68,26,113.27307404762549,2010.922180077753,3,1,1,0
39,35,77.5163350496625,7297.442751862331,2,1,1,0
45,35,67.93544401378517,6722.296340411069,4,0,1,0
19,25,51.372769119409604,5704.125439990388,4,1,0,0
59,42,80.63709444333756,7595.88305106593,3,1,0,0
62,26,33.91980246175298,348.23238993905613,4,0,1,1
23,68,109.82616272927059,5915.98335798002,1,1,0,0
45,19,102.93324051412837,2708.917956757602,1,1,1,0
45,10,51.753144787673705,7257.920496922286,4,1,0,0
61,37,115.27975276012943,2206.734053629623,3,0,1,0
61,5,102.5200767415568,5826.366344588635,2,1,0,1
37,71,86.63068858350397,7033.411455241173,3,1,1,0
47,22,32.176191112527476,429.08886522319114,2,0,1,1
28,46,67.82340230480722,3241.4158787770853,4,0,1,0
45,45,70.61075548467508,6122.241352973316,4,1,1,0
42,11,43.25513583653801,3693.859227109938,1,1,0,0
56,12,27.996539435930195,2211.295775369403,2,1,1,0
50,61,97.67236304716927,1836.4622557032012,3,1,0,0
18,59,32.2035052124395,1138.9943086393855,4,0,0,0
44,42,79.42907505617748,6871.32352286463,3,1,1,0
69,67,113.64491738836605,4645.307685687292,1,0,0,1
30,4,107.61051925980425,703.4410654325022,2,0,0,1
58,36,47.775262374926115,3122.38455620802,2,1,0,0
20,71,105.14486375512654,3005.095841360368,4,1,1,0
56,30,20.033250612048942,1535.7396066047575,2,0,0,0
23,8,21.76878096132572,3540.5102412303063,4,0,0,0
25,50,80.25531638428649,2723.584986605778,1,1,1,0
44,28,56.47982191445295,2800.249273388242,2,0,1,0
26,39,58.64608411591471,5938.309806524873,4,1,0,0
54,40,76.44410906788825,1863.7807454910508,3,1,1,0
50,10,39.17824555918606,5170.693674957308,4,0,0,0
68,22,41.17553506654784,4608.1320286593855,2,0,0,0
59,0,68.46015870188647,4587.930847469152,1,1,0,0
61,45,95.4253544343863,5337.7580345200295,2,0,1,1
41,20,81.94977514075876,4432.218085945667,2,1,0,0
32,35,49.73550482368389,7046.115407286438,4,1,1,0
49,53,63.03371775089212,5437.082726407052,3,1,1,0
49,56,37.06647585499984,4421.009685833967,2,0,0,0
41,0,27.462981433708173,6655.128650272394,3,1,1,0
58,62,98.26960407441493,4888.55786297449,4,1,1,0
69,53,46.53874091881946,2400.0395575029142,3,1,1,0
66,54,37.77663878512482,1736.0498535949125,4,1,1,1
66,39,89.16180555693194,1303.3895067351625,1,1,1,0
69,14,81.80516742871859,7205.696179114203,3,1,0,0
29,20,83.31896260134641,5710.06991120472,3,1,1,0
56,46,42.88946048466136,7505.289661498134,1,1,0,0
19,52,43.2645538562681,4866.00526514805,3,1,0,1
20,8,42.080262978563916,3839.866963809809,1,1,0,0
66,51,37.37525956622945,571.7602628700256,2,1,0,0
54,56,85.57236725616563,5405.974024213635,4,0,0,1
66,25,104.80158852494014,4699.449202169027,1,1,0,0
34,40,92.43174696766613,7922.650259342209,3,1,1,0
66,34,99.20936337605433,1989.3543444797199,1,1,1,0
19,62,60.479842908519984,4292.825106766003,3,0,1,0
19,24,85.40757953719981,5242.562947432773,2,1,0,1
45,37,55.42362404447745,5192.270280464514,1,0,1,0
40,1,72.550462196864,4534.218989292382,2,1,1,1
54,6,68.16348465348624,6237.731281585081,4,1,1,0
49,33,37.68871451438544,1719.3515552618496,3,0,0,0
50,16,58.70787603356308,5832.454882167885,3,1,1,0
18,42,116.3822275482351,4995.903114321404,2,0,0,0
36,58,44.85802577149421,7178.9933831771295,4,0,1,0
19,50,33.38037362794887,6792.836068365295,1,1,0,0
61,53,61.85806216239353,2589.6616091471706,1,1,0,0
43,23,99.03377358601482,2282.2748673037095,3,1,0,0
49,24,78.21482297799723,7855.061258434338,2,1,1,0
23,70,88.09748272382446,4265.394929230527,2,0,1,0
49,51,38.969484817467716,7260.725614924051,1,0,0,0
21,69,81.89481930077216,1394.6600878658094,4,1,1,0
28,32,52.35003949114738,5178.269426921377,4,0,0,0
34,48,103.43033659547675,6497.895480148631,1,0,0,0
55,28,82.92988060107362,7584.42247173293,1,1,1,0
41,62,39.88562777752959,2764.9871140344853,2,0,1,0
22,21,26.461667984408614,5827.351242400015,4,0,1,0
69,25,24.263320928703273,4356.62277141299,1,1,0,1
51,27,57.14085676501407,578.9685159250987,1,0,0,1
23,48,46.58511366543135,5550.997924740653,3,1,1,0
39,70,84.60901234625081,5551.762810078963,1,0,0,0
28,48,69.93338349786183,7451.793758287642,1,1,1,0
65,19,46.60192780053807,4028.768324734882,4,0,0,0
33,62,34.923777795017614,1918.982273613066,2,0,1,1
50,60,32.71997626874496,452.0542052445653,4,1,1,0
26,48,106.46603921404177,3383.573274818655,2,1,0,0
23,70,44.34779684048672,2485.1419306122643,3,1,1,0
33,0,85.17106479109684,6112.597617588617,1,1,1,1
46,12,101.06859279862663,2898.7153422442684,3,0,0,0
20,50,81.4081311184736,7597.662450887267,2,0,1,0
37,55,105.95652316469457,7702.250603603496,4,0,0,0
53,61,59.23937215284745,5005.177862719894,4,1,1,0
36,31,115.62221906489484,7436.416267417575,3,0,0,0
43,29,33.3145004178097,6110.749321664515,2,0,1,0
20,28,30.21495296575381,4420.191163703496,3,1,1,0
36,48,85.86921462074436,1524.4326898399472,3,1,1,0
37,44,114.28311414132618,3722.923753759336,1,0,1,1
49,29,100.8883461636328,4530.908260564679,3,1,0,1
24,15,27.641685943805143,6925.29648780658,1,0,0,0
69,39,47.93677139347164,3902.5336746317525,1,0,0,0
58,18,113.03188848378237,7191.6299141558575,4,1,0,1
50,17,45.305843280078456,5427.356934285404,1,0,0,0
57,0,98.11704237869192,1182.292598124004,1,1,0,1
56,46,102.51321959287039,7960.352817668234,4,1,0,1
35,65,69.54521034609817,4265.13801995591,3,0,1,0
57,37,58.63489098483155,3195.680541631723,2,0,1,0
18,50,65.01244324197597,5306.99873930926,2,0,1,0
28,62,42.69646943653642,960.2571804502087,2,1,1,0
45,3,108.93909161288443,5128.655309351499,3,0,0,1
42,0,65.06196567297579,4036.0644039442564,1,1,0,1
67,7,108.24594404560997,3312.7251529888067,2,1,0,1
40,28,30.56934799062741,7628.858167313303,3,0,1,0
48,54,118.82752710001313,4228.06376218322,1,1,0,0
47,2,64.32730874436183,1831.0280878125136,4,0,1,1
59,31,24.783082039410544,3725.8114870806594,2,0,0,1
52,9,23.802184823745492,7363.160496124114,1,0,0,1
24,33,94.62072574818386,1491.1542235116979,2,0,0,0
33,54,85.90355342036808,1790.2606056370714,2,0,0,0
43,31,100.21305581275875,202.9335852809616,2,0,1,0
65,49,30.536753395280595,212.1013902265607,1,0,1,0
69,6,23.557086703554834,6652.193852972249,3,1,0,0
66,7,70.85792894475784,5883.768594059351,1,0,1,1
19,64,58.759523148276955,2904.8243459704704,2,1,0,1
18,56,66.19469366709558,5616.658142097825,1,1,0,0
65,66,119.1588408870274,3222.1268178487644,4,1,0,0
29,58,117.07499576706702,7627.884688382837,3,0,0,0
22,71,114.23153896731928,7739.716183265676,1,1,1,0
54,53,98.38426767676738,3203.0708288938126,4,1,0,0
49,66,55.48413602568904,6848.353060092857,3,0,0,0
26,50,61.21309302627716,6207.403429409983,4,0,1,0
58,7,74.96160437189245,2548.9995036571354,3,1,0,1
52,33,103.05344564048399,1933.1146483187372,1,0,1,0
36,34,26.871283251826775,3720.0537381033873,4,0,0,0
65,31,62.429688588488816,6272.655840853809,2,0,0,1
33,45,28.26176634592687,7685.325499357089,4,0,0,0
20,15,71.46575865735116,6132.274644045923,3,1,0,1
37,67,109.89008240062354,6856.135181645123,1,0,0,0
41,36,98.24849245639379,4864.208018747081,3,0,0,0
50,53,42.784241754311,6699.721863652794,4,0,1,0
41,13,117.59908495987925,6296.9247782269995,4,1,0,0
69,54,86.73503980464284,3078.1857812176127,2,1,1,0
28,47,21.042769939740307,4460.723386753697,1,0,1,0
66,6,45.54134846852195,6457.549663718589,1,0,0,0
25,6,46.071329991991654,463.84820010065533,4,1,1,0
53,32,26.925430628585993,6483.826330611057,1,0,0,0
55,22,115.9826518075929,1505.316179987285,2,0,1,0
57,18,67.82552945759238,4166.000575259368,3,1,0,0
37,18,109.5814597371882,6485.375972491907,1,0,1,0
52,35,52.221550344462834,2105.186517437889,4,0,1,0
65,28,32.523357043282715,2041.8787705186087,3,1,0,0
42,59,67.43361099062139,3281.83874785179,3,1,1,1
52,1,31.395663471431718,7167.6781008633125,2,0,0,1
42,0,68.60155029775399,103.49797335394229,4,1,0,1
46,46,112.02971812194077,7220.926463471286,1,0,0,0
35,68,72.07681418342128,1315.0754946687014,4,0,0,0
63,19,81.64997268950835,7921.682370933108,3,0,0,0
35,10,35.66384369738083,7643.2912450038975,4,1,1,0
19,1,24.37356258799695,4007.9339977711384,1,1,1,0
52,66,31.080796217980705,4150.489957719763,1,0,1,0
33,11,79.85315756843656,3904.239788179249,2,0,0,1
58,19,29.501169899230465,5120.004800710229,1,1,1,0
53,4,57.59928899413114,816.7014476559551,1,1,1,0
50,36,75.0091940458156,357.68179189837537,4,1,1,0
21,37,58.8652798629847,555.853134485601,4,0,1,0
50,8,36.36838014653015,3610.486259007964,3,1,1,0
31,52,47.379130751410656,2276.828719833919,2,1,0,0
38,43,112.8317532848577,5014.112542730851,4,0,0,0
65,23,87.59822755863554,7940.294086060754,1,0,1,1
37,29,69.60478386798866,3151.953067304081,3,0,0,0
25,58,21.271488998689353,4633.345907425655,4,1,0,0
24,13,119.24154004894702,3383.2707776679504,2,0,1,0
20,8,87.14549348946433,6793.4461750026885,2,0,1,1
34,39,51.692247734494494,7227.667587351681,3,0,0,0
50,65,107.92686599978381,7031.109336421554,3,0,1,0
65,24,45.84316202918181,7797.540685566135,3,1,0,0
29,21,74.40165791827516,317.4015626092808,3,0,0,0
68,3,83.6070763729825,6734.547680949695,3,1,1,1
39,25,42.10633714537285,6039.000167008837,1,1,0,1
39,57,117.83972788005958,1906.6858342628818,1,1,0,1
63,28,94.81919059789975,7654.928737761467,4,0,0,1
47,36,75.781322551107,1270.605633016569,2,1,1,0
55,69,38.05945981753008,5468.444424357876,1,0,1,1
55,17,25.385820699802615,1876.6327128457085,1,0,1,0
62,41,52.005983252098346,3507.90712531519,1,0,1,1
68,40,95.31873359134028,5781.363185862095,4,1,0,0
25,37,46.9331298302025,4550.264672061068,3,0,1,1
44,33,73.95562204955051,3477.2644674920825,4,0,1,0
44,16,92.79471767307432,2678.073604362699,2,0,1,1
51,36,30.794371464646435,6733.311280099443,2,1,1,0
38,24,88.52980161158733,1236.1333674870284,2,1,0,0
47,26,29.18708877100447,3497.8127245854203,2,1,0,1
50,56,116.51297421269966,7239.684817023623,1,0,0,0
45,30,68.83941300649396,6782.211448633745,1,1,1,1
64,5,35.06761077098774,3267.439923537069,4,0,1,0
50,39,54.23836360335465,6128.556072450336,3,0,0,1
22,11,61.34164492952615,6602.970562599988,2,1,1,0
65,52,95.81850110765373,7122.210649628675,4,0,1,0
36,70,94.34237860766093,4401.595575488901,1,1,0,0
21,9,81.1940505337331,1715.2409998322232,1,0,0,1
52,44,30.593071255849296,2116.94170438106,3,1,1,0
66,16,35.15693715876736,2435.9879249286732,3,0,1,0
34,25,29.375692064555665,4791.0395983959625,3,0,1,0
61,61,77.71727832875501,359.1960306160067,4,0,0,0
45,45,107.71384415114039,5124.73550336175,1,0,0,1
47,63,63.38005122547718,2978.398483583033,1,0,0,0
46,1,36.08481739577462,2432.410239668173,3,1,0,0
63,53,75.80423251489671,7048.022908752198,2,0,1,0
23,64,101.17522168657099,3734.0189250883113,3,1,0,0
52,50,94.171206151293,850.9190597082729,4,1,0,1
58,52,108.14507796750213,6631.299467407352,3,1,1,0
54,35,47.79020972488678,476.36593374840214,3,0,1,0
41,25,39.39538672677749,5841.318870928753,4,0,1,0
46,28,107.98164859419387,6213.859151988255,3,0,0,0
66,20,85.75603127780231,2885.5605868379794,1,1,1,0
63,10,51.09289300075542,6615.824064594515,2,0,1,0
48,39,94.23480505725092,4173.709306265982,3,0,0,0
52,10,101.51183844803678,3760.019860855095,4,1,0,1
50,35,81.49782403411324,458.6859236026711,2,1,1,1
69,58,88.78841098799151,2391.2306298263566,4,1,0,0
38,38,57.52599044426663,7454.978769993869,2,1,1,0
49,53,73.8695667343039,3195.40930993965,2,1,1,0
40,54,72.41591707261622,4418.93411239847,3,1,0,1
50,23,104.80477911307719,4302.971263975589,1,0,1,0
20,21,103.99639802821825,4764.405609599277,3,1,0,0
35,68,103.26804693470432,584.5145495819327,4,0,0,0
42,55,21.10316142624658,2961.1924129099534,4,0,0,0
59,32,94.95454844688882,5812.713363672178,2,0,1,0
48,35,95.86763901110048,1684.425983476565,2,1,0,0
20,19,87.83788228551418,1708.2691826162475,1,0,0,0
57,61,95.62646578914526,179.71579284329533,3,1,1,0
63,25,104.19703714967088,3556.1072202048567,4,1,1,0
41,65,67.03190541017857,7073.601607320034,2,0,1,0
67,39,70.20502134884472,510.0174543397412,1,1,1,1
49,16,32.47140569113905,1609.8378050184208,4,0,0,0
64,0,58.53758830473618,2549.667852907765,2,0,0,1
39,60,84.33651799117843,5880.625418857282,4,1,0,0
40,42,98.03997761472745,5161.021183140434,1,0,1,1
19,41,41.72090976912105,3385.9568461966546,1,0,1,0
44,24,33.78228991592354,6096.644620141168,4,0,0,1
59,38,86.30420045004922,4916.084992089525,3,1,1,0
19,34,20.187988352491065,7178.72231729203,4,0,1,0
43,2,37.83725843073299,6562.4113181956745,2,1,0,1
34,43,22.907138034395373,2097.227488104684,3,1,0,0
57,50,36.688511785487094,2244.364763310182,2,0,1,0
50,11,38.13192799255052,1090.3161587598465,4,0,1,0
26,18,58.76735947503942,2762.0213331679065,3,1,1,0
60,43,60.2327124686556,7996.396957880845,2,1,0,0
65,58,107.42624706102377,3305.4342320589817,4,0,0,0
56,48,71.01097124988252,1841.8586340439406,4,0,0,0
46,60,92.34047656122863,6123.614787356869,3,1,0,1
59,16,30.413735792028746,4385.5209273549835,4,1,0,0
43,56,42.543875546369385,1281.851451262925,1,1,1,0
52,54,90.29434409786768,3107.4484811708394,2,1,1,0
67,46,25.280396046852808,3374.310752760812,2,1,1,1
42,11,68.65976622437532,6055.254634496827,4,0,0,0
41,61,79.93689656629338,263.30381424604525,4,1,0,0
30,7,80.2145644052481,2225.2552097066527,1,1,0,1
24,20,22.293281126804203,4189.010780392624,3,0,1,0
53,69,52.21080042291855,2223.8892653774624,4,0,0,0
62,71,83.6490651049154,5064.628974610091,4,1,0,0
37,24,34.89997361492435,3906.753086269471,4,1,1,0
18,11,89.54156483280532,2957.511013390687,4,0,0,1
25,14,94.59252088136745,7598.748152277047,2,1,1,0
63,58,118.19691904461453,5094.060043573014,4,1,0,0
33,25,40.98419948564094,1126.5368409167356,2,0,0,1
31,25,102.51306676661152,4524.724409802824,4,1,1,1
29,46,72.0296576918654,6267.781640287118,3,0,1,0
68,31,57.34625961441734,5697.068610193099,1,0,1,0
40,9,32.23767573251779,1459.504911432549,3,0,1,0
32,15,93.55056064875376,7782.117992416816,4,0,1,0
45,70,43.58575991436871,3645.6278013981873,4,1,1,1
51,16,57.142200187304574,1356.2975295480642,4,0,0,0
19,22,26.254222689736842,1523.5464576123686,3,1,0,0
49,25,100.13669158195191,876.0564382937359,4,1,1,0
40,6,96.65885239716434,6447.793056635981,3,1,0,1
39,13,93.36158300423125,1064.0409051426043,2,1,1,1
68,6,49.94435104918867,1088.4895314198006,1,1,0,0
42,8,37.34800742659573,6818.725756610617,1,0,1,1
39,47,83.75532644702298,2822.372267135721,3,0,0,0
39,71,69.61663841132194,343.7774440337723,2,0,0,0
66,58,37.825246690464155,509.97286619544593,3,0,0,0
69,38,88.59112710498637,1223.146528960775,2,1,0,0
59,17,119.11264318213037,1785.8074490079473,4,0,0,0
23,58,94.72195877420377,5354.654934483402,2,1,1,0
32,16,93.99863866856118,1342.8776120144432,2,1,1,0
60,13,115.03127529305917,1039.1076902988689,2,0,1,0
54,30,40.29363675749022,6141.281217662606,1,0,0,0
50,23,76.55499649214404,5401.336742493324,2,0,1,1
25,59,117.96467150338835,3539.061349496366,4,0,0,0
61,44,36.52941109701746,4439.547194692821,4,1,0,1
61,2,90.02519594445211,2564.673760578706,4,1,0,1
22,36,78.5810145971902,3911.753319859349,2,0,1,0
56,42,78.6479092188707,4102.713926963692,3,1,0,0
21,39,89.76706275200752,3159.1744423069576,3,1,1,0
23,54,112.96169228756843,7261.920464310086,4,1,1,0
62,38,98.2581939851338,226.88873334994855,1,0,0,0
49,14,25.613610341621,6279.152978420845,3,1,0,0
69,3,105.27280198757113,1082.6243668064621,2,0,1,1
47,24,42.55413299257326,6400.624148243875,3,0,1,0
64,12,57.6914164736372,4965.704133846098,4,1,1,0
52,32,66.17328136123822,6761.896918397579,1,1,1,1
57,15,68.09060007530697,870.36317256309,3,0,1,0
69,41,63.51803992553568,4515.947009388215,3,1,1,0
33,65,113.73532942158644,4058.5942540713568,4,1,0,0
30,54,90.60190076640247,5678.9261454105335,1,0,1,0
67,41,83.11706459567063,4320.895359960039,1,0,1,0
59,33,24.984202778294154,4371.803080351523,4,0,1,1
47,29,110.39133302603747,3493.807954250911,2,0,1,1
36,12,110.93901920083962,2539.7919496579925,3,1,0,0
34,12,98.02130634301024,3909.8884538923185,2,1,0,0
36,17,20.702920381361917,1036.0896342703645,3,0,1,0
45,31,25.728025107762335,7695.95537796637,3,0,1,0
43,38,42.52237022684898,5743.845032650126,2,0,1,0
54,45,33.13494081449067,7624.490221833989,4,1,0,0
43,28,59.88360297037295,1891.1463204067097,4,0,0,1
40,61,112.26230580877896,7046.794059394571,3,1,0,0
26,61,67.20604341969982,6489.440878051953,4,0,0,0
29,56,21.340262643216562,5449.504058415622,3,0,0,0
18,15,48.2745689578762,5037.730570073126,4,0,0,0
18,55,24.459490837296155,2600.742355616173,3,1,1,0
64,9,23.628762261350214,6549.645201223742,4,1,0,0
51,29,47.571985309555224,4061.972145689897,1,1,0,0
49,24,47.56123386789454,660.0434495411544,2,0,1,1
65,4,98.7126602601604,2571.618970755527,1,1,0,1
42,64,117.4834652781112,7488.847078508088,2,1,1,0
57,48,57.12070938899983,6820.374058778285,2,0,0,0
62,2,62.88868788610386,7857.05501480466,3,0,1,1
18,44,104.47894362860214,5061.147722572375,2,1,1,0
33,13,46.81390200955134,2055.3295778092543,1,1,1,1
56,29,35.6381804403448,1386.2388924472239,1,1,1,0
22,67,105.30896234036504,1576.624080806847,4,1,1,0
39,17,24.65005864400655,256.38570094330964,1,0,0,0
46,61,81.96994401994158,3186.3886767889194,4,0,0,0
20,36,76.19928474668068,1612.2786759463859,2,0,1,0
29,24,54.59204475016943,3352.078137607949,1,1,1,0
43,47,51.5189521097359,7486.456011526247,2,1,1,0
33,64,97.18577261816213,3501.2676551068007,1,0,0,0
68,52,28.642461076254648,7036.0775261801955,1,0,1,0
54,14,43.678430931138536,4883.487656265424,4,1,1,0
39,48,93.24487318380898,2052.339281824996,2,1,1,0
46,67,74.83205837264242,2911.25259814777,1,0,1,1
31,11,32.798820853358635,762.9643329892924,3,0,0,0
45,58,108.213561428206,2734.354489408483,2,0,1,0
22,36,59.34478465635915,5452.573469477919,2,1,1,0
64,60,102.78683753221728,669.677634142538,2,1,0,0
66,42,98.77130155277086,1722.6711269764319,4,1,1,0
47,69,82.44254464717281,3113.3842271651606,3,1,1,0
63,38,69.4481131295093,7858.191342426104,2,1,0,1
69,55,117.95508403817568,6300.4084013751535,1,1,0,0
22,62,34.4965072379817,5894.545297287621,1,0,0,0
29,45,92.51557275511148,1017.9085565510233,4,0,1,0
33,10,39.119070146478904,6269.867559558433,1,1,1,0
43,61,53.82631053323484,6303.62361097652,2,0,0,0
43,24,50.86987433731953,4848.711295432194,1,1,0,0
65,70,114.7035987738723,7923.8580777871375,2,0,0,0
38,51,116.73561777882752,2669.5058568039603,1,1,1,1
56,3,38.30154442347272,7536.052341110628,3,0,1,0
53,58,22.203516029750418,7326.375808156378,4,0,0,0
50,71,92.00080396631131,190.69721202008495,4,1,1,0
47,19,61.798993387048434,3655.920559151007,3,1,0,0
54,62,28.88402450875644,7819.123441107429,3,0,1,0
40,53,88.37541055770426,914.6587630237988,4,0,1,0
27,56,74.51055282606997,4427.499085628224,3,1,1,0
22,40,118.0516822001106,7833.7643056247225,2,0,1,1
53,2,42.740949586137894,4488.413850436295,1,1,0,0
51,5,60.397787632654826,1599.5408934800323,4,1,1,0
69,4,74.25458033954229,4699.247517731459,3,0,1,1
48,4,99.16999884533517,1715.08053420142,2,1,0,1
27,53,74.88386567200587,4205.663676866426,4,0,1,0
36,46,81.29001608619492,684.9335215075491,3,0,0,0
49,48,42.61470515899407,4883.313086793796,4,1,0,0
18,8,104.69187280885599,4182.6405191124495,3,0,1,1
22,19,62.86305469704757,5947.274813215558,4,1,1,0
62,60,34.09596275217693,5082.533722154401,2,1,0,0
21,34,86.41879145054173,4441.889521392977,2,1,0,0
33,49,41.60904531853075,5549.252909060157,1,0,0,0
41,61,29.756251023929973,1237.1411172206238,4,1,1,0
33,16,106.19869084042723,4803.341323942972,1,0,0,0
19,2,66.01622644884397,1459.6737622999437,4,1,0,0
66,31,94.92837126957764,7411.625442029859,3,1,0,0
45,12,49.05875598063551,639.8394282802732,3,1,1,0
49,67,98.69701349176663,3499.960522557267,1,0,0,0
44,13,31.193592702153033,5596.800073478014,4,0,1,0
37,10,55.597337379485275,3718.375472179244,1,1,1,0
41,55,117.80618179735285,827.5525005399286,2,1,0,0
29,66,99.39897163680061,4471.694227400988,1,0,1,0
67,28,69.72559303146882,5168.892079736101,1,0,0,0
52,8,53.97774715618851,5659.95925682501,3,0,1,1
50,66,107.21357000224765,3048.7525342557956,1,1,1,0
50,24,74.48477590845157,4552.9137711272215,4,0,0,0
68,41,95.84250178691111,3660.4231520174135,3,1,0,0
60,8,95.4107680316164,5409.242706142802,1,0,0,1
54,39,21.794567856849184,4710.100041866067,2,1,1,1
29,24,32.62537827926135,4253.474134517165,1,1,1,0
20,4,85.96293663947422,2071.242498022164,1,1,0,1
18,10,36.16198112858714,115.94629021104794,1,0,0,0
50,58,45.54933446556047,1475.245234960291,3,0,1,0
57,37,114.66379541996072,1024.8217272509323,4,0,1,0
27,71,76.01822583749119,3647.7694855864793,2,1,1,0
60,4,95.07295069993472,4936.839391018572,1,1,0,1
61,47,75.79807387826398,1783.3715686099845,4,0,1,0
46,17,75.25136147827251,7518.551058140778,4,1,0,0
30,69,29.415191012569792,152.78882086871346,3,1,1,1
29,36,54.3663192609103,6201.178019806209,2,1,1,1
48,59,48.24308986865117,5039.1176792904935,3,0,0,0
63,47,59.07283656136132,3051.082928276687,4,1,0,0
19,27,99.83441882243282,498.8626608580226,4,0,0,0
68,68,57.19326679168648,5057.1439170958065,4,0,1,0
67,39,65.16968192316827,3146.3467516386195,3,0,1,0
52,44,59.73813904853165,7496.510401364431,2,0,1,0
40,61,29.34079719752956,4381.721591629151,1,0,0,0
34,57,64.10721582507837,7523.246939218715,3,1,1,0
43,66,39.5609273044515,1841.8211784391024,4,0,0,0
25,55,38.67232957730415,5833.234691876416,3,0,0,0
46,39,29.403610443426636,4976.267264704933,4,0,0,0
43,39,55.667097414176475,5941.325015667363,1,1,1,0
27,32,95.74818847894174,1795.8761253830405,1,1,1,0
43,5,47.64416905833961,5353.456678278412,2,1,0,0
51,18,51.23491018855135,4034.5191051492648,4,1,1,0
68,39,84.26746576724236,5968.317301759898,2,0,0,0
58,58,39.58408125869189,2683.6526887993605,2,0,0,0
24,58,109.69579304235343,7131.450501175495,1,1,1,1
21,47,72.01905232515544,765.980385429668,3,1,0,0
67,40,64.7602940320217,6476.7956184503855,3,1,0,0
62,12,75.78201919292013,6904.425043939217,2,1,1,1
28,44,36.60343134161955,6556.293259797887,1,0,0,1
46,52,81.34731386391763,4150.538514668031,4,1,0,1
53,41,56.31007366340104,3563.2413422430145,3,1,0,0
42,62,109.7186340964619,7970.472063546526,2,1,0,0
38,26,36.885420667768614,1910.4584145918807,3,1,0,0
53,37,70.7051103865441,4420.320130420752,3,1,0,0
27,59,79.8112629369018,5398.336650520372,4,1,0,0
54,6,23.338360178638123,5636.854323305312,1,1,1,0
26,4,56.369312475614024,1711.7948593347717,4,0,1,0
41,44,93.26352347008329,5266.55332948443,1,0,0,0
52,57,102.03775074489734,6565.119575202564,3,0,0,1
66,30,51.31619948172823,495.1467568867865,2,0,1,0
52,22,99.85932723827513,7301.018217270001,4,0,1,0
65,41,116.77558771033888,333.0820356471269,1,0,1,0
53,9,105.6873936075094,2912.1711566583153,3,1,1,1
35,31,31.76439881593252,224.92425024040034,1,1,1,0
66,52,93.97303320855406,709.4468314626968,1,0,0,0
56,29,51.96668324405447,7298.229452922625,1,1,1,0
49,38,118.84159894120765,2903.400562894568,3,0,1,1
41,30,68.5358983159887,3455.6950903579177,2,1,1,0
40,1,32.24338983589411,1801.2206129221659,2,1,0,0
49,11,92.51855480273908,4817.056584475086,2,1,0,1
54,38,52.30111983862138,4798.945395954538,1,1,0,0
29,65,119.70781570816617,3040.383095419232,3,1,0,0
66,12,117.97824578545219,2730.975487262647,1,1,0,0
30,45,85.61340180205806,7091.218034626643,2,0,0,0
40,26,32.98264489517176,3127.945493173391,2,0,1,0
42,16,88.68609976750291,3998.6578380198252,3,1,0,0
52,59,29.303048646002722,2338.107623156952,1,0,0,0
58,63,22.936415910239234,6315.4790765213065,4,1,1,0
47,34,102.2958446221486,3239.8404395028238,4,0,0,0
34,69,40.97529476836814,4157.527267700164,2,1,1,0
66,29,57.90271262190974,2101.521643471325,3,0,1,0
37,70,117.34573899761732,7902.510779495889,1,1,0,1
65,62,53.684050186110326,2402.816353297411,1,0,1,0
42,27,49.64897812833153,6188.865994153858,2,1,1,1
39,59,111.82079996227752,3477.2156378183977,2,0,1,0
30,36,31.074844531895813,1729.117500164705,1,1,1,0
36,21,95.95824101146317,6417.778235322404,1,1,0,0
66,67,118.8065566652774,2735.493633329441,2,1,1,0
53,19,110.12960107746488,6935.027444442708,1,0,0,0
29,67,85.1667918706426,7330.531760850802,4,0,1,0
58,63,51.4060794992732,6892.60829959108,2,0,1,0
36,16,45.432198117831675,376.56252697376465,1,1,1,0
29,11,101.92551048714611,6320.249425540334,2,0,0,1
26,21,107.98219139516952,3349.581785343237,3,1,0,0
24,16,72.54349125456929,7002.411069439579,2,0,0,0
45,9,44.43399407864661,5139.838675209437,2,0,1,0
31,64,31.294320841117354,6685.780759737271,3,0,1,0
48,21,28.717946783183116,4045.5109819479994,4,0,1,0
69,49,91.90774473538556,4326.701486331569,1,1,1,0
36,13,62.0118727847725,1240.662293855971,3,0,0,0
64,63,110.53598742778703,6293.500133645908,2,0,1,0
33,46,93.96713007267637,3413.177932169076,1,1,0,0
22,28,39.12604179145867,4050.6329343455027,3,1,1,1
52,35,81.3777418815699,6302.27194135609,1,0,0,0
29,51,63.550545439815934,4830.878660627568,1,0,0,0
42,6,77.72497307686132,1688.6799467970727,3,1,1,1
69,28,93.80691233385171,4762.838007292053,1,1,1,0
38,10,100.61958810037908,3320.2995780392807,4,1,0,1
53,32,104.37373264067243,3809.251782146515,3,0,1,0
40,5,45.39748745720247,323.65906778107546,4,0,1,1
33,31,23.111559991735767,1759.2318611786247,2,0,0,0
56,50,93.92947351647732,2320.2008429101234,1,1,0,0
62,57,30.63437262557746,5732.384062084566,2,1,0,0
59,25,51.491958861296766,190.79053905511097,2,1,0,0
56,45,20.381713412434713,3329.3403637101433,1,0,1,0
31,28,88.166948240162,7399.812276363289,3,1,0,0
48,3,36.71320114712212,983.8568707380783,1,0,0,1
22,12,85.52824096916582,4179.752666927027,2,1,0,0
52,38,119.17426171678389,6313.526820887691,2,0,1,1
40,14,27.267087161001626,7545.997329408922,3,0,0,0
46,28,27.707801195146068,5999.535452316372,1,1,1,0
60,28,54.03800926666749,5792.467834290808,2,0,0,0
28,31,106.6386514251342,6629.255912546523,4,1,0,0
35,1,41.55298687913319,3624.989645722595,2,0,1,0
64,46,56.037781993034756,6466.171807680881,2,1,0,0
29,21,26.85054066269796,162.91879748906388,3,1,0,1
26,26,96.31552912588894,7404.032337476759,4,0,1,0
27,66,60.83063427594511,3602.121425185685,2,1,0,1
61,55,95.92487330608428,4471.703484139406,2,0,0,0
34,20,110.3607844346795,2113.5697664275704,4,1,0,0
55,46,43.27631471012887,5965.99357943933,1,1,0,0
24,58,100.73960303399514,705.4228711544656,1,1,1,0
63,5,25.909389007825325,6993.822840119999,2,1,0,0
30,18,109.88473881802473,6642.122949150108,2,0,1,0
57,56,85.07685475587473,1806.8749183336545,1,1,0,0
59,68,107.42267241383516,6493.662746453573,3,1,1,0
26,2,20.01883995565819,6312.226091185704,4,0,0,0
67,0,36.90810703559925,5094.511122256197,4,0,1,0
44,57,58.975938742649205,3050.8093975075317,3,0,0,0
19,37,57.950290337471856,2244.8401580367563,3,0,1,0
22,14,42.673038292351066,1931.0903632858651,3,0,1,0
46,33,58.16119398672001,2617.0108058324968,3,0,0,0
54,60,32.884871200025486,7238.11170311699,3,1,1,1
55,34,61.27611292660261,713.3621303113721,3,0,0,0
36,63,100.23543291592642,6648.083082398373,4,1,0,0
25,24,67.90700631033512,2856.231592830406,3,0,0,1
65,23,21.800008894521497,4220.635228489729,1,1,0,0
62,11,62.14440415792474,6376.436505823076,3,1,0,0
18,17,22.717501609084415,7086.574721481474,3,1,1,0
39,14,116.62434107067982,2823.7732185739114,4,0,0,0
69,26,32.7453959422869,3748.5635020733716,4,0,0,0
34,71,90.76883263306188,3374.6769120526587,3,0,0,0
24,59,117.27763228920858,204.68316468089333,4,0,0,0
42,45,102.60390516665719,2437.948821983387,2,1,0,0
62,16,89.93153751262037,3727.5949464872383,4,0,0,0
21,52,103.9460909500767,3347.6395101554745,4,1,1,0
53,7,118.17986932606276,5803.2408973738675,4,1,1,1
23,26,82.13444972535297,3139.9485760467155,4,0,0,0
48,45,75.91848068293265,3966.073946868295,1,0,1,0
36,49,82.82381104632813,3493.9078778456706,1,0,0,0
61,70,73.2675886761555,5950.946576265527,1,1,0,1
56,2,83.50891059097188,6917.481951997004,3,0,0,1
44,63,64.98422079725592,4301.923724159362,3,1,0,0
27,43,41.84431828833071,6336.51433414201,2,0,0,0
43,52,32.024722651167565,2444.61478795682,1,1,1,0
36,23,26.83409355322604,4376.819920242423,3,0,1,0
56,59,46.33157837532001,2827.3166339927825,4,0,1,1
20,2,24.61235643357338,3372.1873120174596,4,1,1,0
62,19,76.71707799193857,5886.069532020082,1,0,0,0
30,45,48.38284470235203,7065.13361042843,2,0,1,0
67,14,102.45348080870322,1059.813589593347,2,0,0,0
45,24,27.424087298838643,5113.650126250306,4,0,1,0
37,70,42.635149434148595,4698.9360798646085,2,0,1,1
45,16,93.02461470901459,1035.4788094898618,1,0,1,0
25,8,79.88082963834914,1773.9652104768618,4,0,1,1
58,37,26.449127124916753,2556.919708388174,3,1,0,1
56,47,107.72394571622004,1418.7554594582616,3,1,1,0
18,59,107.72617628261796,2025.4629119423,2,0,1,0
20,62,53.040800387577384,2214.0463110074893,4,0,0,0
30,1,54.04058433495647,2751.823281008571,4,0,0,1
45,71,118.90283583501738,6020.184577129156,3,1,1,1
66,10,82.61761715931382,4618.106410419746,4,1,0,1
42,63,73.1316520568059,7891.3487084160715,4,0,0,0
50,71,103.81521835519244,3376.413033043021,4,1,0,0
55,20,48.52903383573164,6055.534083311708,2,0,1,0
23,17,62.91825933963569,6984.600528874617,4,0,0,1
61,63,46.77766754883342,5463.930095000531,1,0,1,0
62,37,98.91608465887315,3353.731449298218,2,0,1,0
49,31,77.3349345635218,6053.397582891448,4,1,1,0
62,10,85.88250701400705,1708.9703884042103,4,1,1,1
64,44,45.230724983940654,2687.662104923046,1,0,0,0
38,32,42.02253013773151,4418.8135152843815,2,1,1,0
33,40,68.83746289829386,4645.734159560572,3,1,0,0
38,7,93.75657490928268,274.91765623377273,3,0,1,1
28,10,72.52397575201601,7566.402091172469,2,1,0,1
54,50,23.264567754566862,5603.3554426173805,4,0,1,0
53,40,106.85515063202888,4016.0596268319396,4,0,0,0
52,16,26.468689351513156,7471.705151825636,3,0,1,0
36,45,115.58244837207522,3568.854965481545,3,0,1,0
37,31,22.51419582772727,7845.441005135937,3,1,0,0
35,53,89.44504561307087,4147.049582223532,1,0,1,0
64,19,28.220706371178167,1002.8575829840378,3,1,1,0
58,32,111.06765794351396,6141.927682428291,1,0,1,1
66,39,66.44332362255427,5463.29202811494,2,0,0,0
31,31,33.75237748170154,6206.595098314136,4,1,1,1
32,1,54.08156997898466,7616.39202693288,3,0,1,0
48,32,36.4824675346762,6234.265490943043,4,1,0,0
18,29,37.058191155709,4929.55915751151,4,1,0,0
20,32,114.81083201714422,6872.740328650643,3,0,0,0
33,25,64.52461122847882,5418.6468709007995,3,0,0,0
40,21,98.88022639053595,3324.1405489247923,2,0,0,0
28,65,83.96055611776819,7096.396137510009,1,0,1,0
29,37,87.64263623383923,1853.0136401965456,1,0,1,0
27,45,33.16934384720385,5745.666071778921,4,0,1,1
49,14,43.418444681548564,7064.35129403198,3,1,0,0
33,43,98.67503351544369,5877.40050565604,2,1,1,0
25,48,117.0766206474783,5608.47581052547,2,0,0,0
55,60,46.26756425986517,6045.842523167505,2,1,0,0
29,66,47.156876475103985,3773.9364615750906,2,1,1,0
41,5,67.28971328109048,7005.948389040505,2,0,0,0
45,8,118.38403128554378,1707.1481535751204,1,0,0,1
25,5,46.8958945826471,1106.3526864026803,1,1,1,1
45,31,60.69719096342639,2355.519362936241,1,0,0,0
53,40,109.14800156235067,4299.461434522446,3,1,0,0
43,7,20.2921032621362,4133.438183733771,4,0,1,0
25,71,23.976596498856956,6582.730185645034,2,1,0,0
67,49,80.40716770712191,3296.0923855917376,3,1,0,0
45,61,110.7380164712847,3926.320967702918,2,1,1,1
45,61,43.88566604019277,205.60469774922552,1,1,1,0
54,6,66.9641774680709,3336.9399678992186,3,0,1,0
58,3,65.04653016578183,5217.416440307703,1,0,1,0
53,5,67.29713460955102,222.51581195007822,2,1,0,1
44,57,82.25196957297452,2318.9675249713255,2,1,0,0
34,21,66.97437629906838,1742.8552383861804,4,0,1,1
26,25,64.74681413224579,431.684888385747,2,0,0,0
50,2,67.42884204312605,3886.1547103248463,1,1,0,0
37,40,79.08674412710415,1535.6140165024365,2,1,1,0
30,59,73.70074883513584,5970.344163087903,4,1,1,1
45,13,105.41359976505044,6798.630281730453,4,1,0,0
65,11,24.94968534936666,4410.122943086268,1,1,1,0
46,11,103.33170714730124,7855.488005917018,3,0,1,1
30,12,104.3924612611724,3658.7807146177033,2,1,1,0
63,24,48.490802153096084,4155.608860776832,4,0,0,1
52,44,66.28519550158506,7914.820256266226,2,0,1,0
23,18,63.85384885374355,1929.2326441238856,2,0,0,0
35,54,41.85098343541303,7546.112923447551,3,1,0,0
68,44,59.67968470863165,438.4166854409946,4,0,0,0
22,7,24.438777217085445,3626.4564330792386,2,0,1,0
64,52,47.782207278173445,653.0277458512196,4,0,1,0
42,54,101.66821754507181,5860.95446901778,1,0,1,1
19,31,48.45623017628975,4906.430593452141,1,1,1,0
27,50,101.82066687482475,5682.410681394012,2,1,1,0
47,43,73.15994646044308,3058.395159747334,4,0,0,0
67,69,107.98626773611599,3018.9072788479043,2,0,0,0
62,17,77.47795542644153,458.0223037910674,4,1,0,0
22,21,22.966822306473983,2864.565022284154,4,1,1,1
50,36,87.54202075470891,7441.37837787027,3,1,0,1
18,55,24.485356802356865,3095.8896437255466,3,0,0,1
35,58,65.05970189831339,6667.804879153563,3,1,1,1
49,2,112.9426694473114,6754.371487524479,2,0,1,1
64,27,36.520393933785016,3048.6051353959474,3,0,0,0
66,34,58.98723529415441,5092.710575129893,3,1,0,0
28,60,92.98603088484784,853.4356579571631,1,0,1,0
38,53,108.22585560948475,919.0607878007843,4,1,1,0
43,62,87.09430047425079,484.3955429275352,4,0,1,0
42,6,45.81732541911692,4690.019237663365,3,1,1,1
39,48,87.46078529162162,3465.9607232461667,4,0,0,0
44,30,49.672764110409,4429.455617647497,1,0,0,0
66,57,91.84292298187353,4216.478205016264,1,1,1,0
30,60,115.40331275850406,2866.603629616769,3,1,0,0
50,23,92.13934511062882,5452.039977105436,1,1,0,0
51,19,106.28805029124123,6092.164859239487,4,1,1,1
58,36,20.210384317588343,215.56324513363813,2,0,0,0
52,3,91.75721247315944,1737.2141681741386,4,1,0,1
18,19,102.95875568652504,5734.563357858361,2,1,0,1
38,59,24.05587375446814,3154.2993638072903,3,0,1,0
65,23,107.15977272882306,5333.623180838705,2,1,1,0
23,49,45.66942283100458,2841.0050119030116,1,1,0,0
45,48,86.52921019780553,3186.965703404133,4,0,1,0
34,50,100.03548790234066,1353.5631021485108,2,1,1,0
22,35,86.26645130593555,2140.0250553626643,4,1,1,0
48,65,29.228479207325723,4882.752884309939,3,1,0,0
22,33,79.63215188603684,3521.9885793898143,3,1,0,0
55,35,74.95836567221437,6216.9911952623015,1,1,1,0
20,5,110.03212680742715,6835.4211440129075,3,1,0,1
40,38,60.42397296442092,4379.006703912402,2,0,0,0
54,41,52.108109708705015,6090.3116072428675,3,1,0,1
54,57,94.98507644364662,2524.545654237103,1,0,0,0
27,11,61.267532608339664,3378.272601660618,4,0,0,0
27,2,84.6096175005063,5730.943642112965,4,0,1,1
36,17,84.64500901246069,3151.074743254542,3,0,0,0
34,39,108.80390643601179,4749.188987756012,2,1,0,0
38,20,79.86924023190974,1564.4449547518407,1,1,0,0
31,14,70.21536099619868,4838.193388266934,2,1,1,0
26,25,33.887132639651696,6905.95828709246,1,0,1,0
63,7,31.573760667870538,6962.253154605062,3,1,1,0
18,41,35.43215652830794,5822.3208100033635,1,1,0,0
68,43,37.18484813270945,5991.451694701395,1,1,1,0
62,13,83.7877092663634,4507.626816690536,3,0,1,0
30,1,94.09812502745785,4718.877912310016,2,0,1,1
21,36,72.99915229264187,1155.839593143092,3,1,1,0
18,68,102.9017732545491,3606.487588528279,1,0,0,0
66,37,119.12632267336332,3661.132642702274,3,0,1,0
57,40,102.0012629119356,7672.132901775147,1,1,1,0
49,61,89.48823736759591,3505.5862147239864,3,0,0,0
51,59,73.24926994371467,4439.806894731785,4,0,0,0
45,13,64.88530716747081,4312.68605430491,4,1,1,0
48,1,28.439238054454236,5130.417564650184,3,0,0,0
25,69,59.93687483946909,6011.0393675219775,2,0,1,1
56,16,111.01346367821343,1877.8308217498898,1,0,0,0
43,27,100.8022629906553,4276.922910877642,4,0,0,0
51,65,41.605136501168715,6624.74988779664,2,0,1,0
20,34,66.66077846972158,3758.6062393163406,1,0,0,0
67,4,101.67232025585446,2299.814616351227,4,0,1,1
29,64,26.738455478552254,5272.201695314763,4,0,0,0
18,39,58.73925856686593,6607.762426813071,3,1,1,0
61,55,105.18412368739476,598.8083141263915,1,1,0,1
22,35,60.389786417012374,6236.644818917094,2,1,0,0
47,44,27.761464473144088,6591.0186703979925,2,1,0,0
47,22,74.25343685322514,3746.031127949994,2,0,0,0
34,46,106.17424949182954,7868.114688865892,1,1,0,1
65,30,79.02855429531597,6314.995891587742,2,1,1,0
64,10,42.627910821423185,6211.93426267576,2,0,0,1
40,9,58.423962013738134,6007.924737855367,2,0,1,0
32,66,65.01233611819322,1289.8040154243647,3,0,1,1
54,13,77.92663538205268,1816.1240029787855,3,0,1,0
38,9,95.93510257526131,3765.5220385689577,1,0,0,1
31,0,29.88736176406354,2185.6343646797804,1,1,1,0
19,4,108.96520330175663,3380.4036814389196,2,0,0,1
28,19,21.23097030160756,7118.866468391074,3,1,1,1
68,7,57.005233467425526,6612.182445846227,4,1,1,0
56,42,22.742030997265765,5077.3150399918595,4,0,1,0
55,0,59.297422534529126,6879.151114583718,2,1,1,0
51,56,72.58125988733238,6291.801873236269,2,1,1,1
55,63,71.16813865815118,3488.980961543035,3,0,0,0
67,27,36.562834702826535,1688.4147011945665,3,1,1,0
51,36,84.57405100956123,4162.18821607378,3,1,1,0
35,46,24.477845050466822,5916.208171975546,1,1,0,1
47,36,96.19068201324154,3547.7148299637847,1,0,0,0
32,48,114.66444339935462,5367.498087292788,2,0,0,0
44,43,53.97688271511179,845.1866676992446,1,0,1,0
68,55,71.72393817143319,6009.237417334087,3,1,1,0
51,27,57.891027805881436,6520.43759715519,3,0,1,0
69,5,20.671039030405996,5684.019060666275,1,1,1,0
55,60,58.587450289511594,7741.382341458288,4,0,1,0
50,19,99.17202592613465,6630.551253939059,2,1,1,0
41,1,79.59888421834819,7234.4404502246525,4,0,0,1
32,36,30.125991461515895,7475.211559315419,2,0,0,1
47,19,104.7139489693785,6430.649135803088,4,1,1,0
59,25,73.10853448852428,5426.6448518513425,1,0,1,0
68,28,104.17233617446762,145.17679275023536,2,1,1,0
34,0,78.02215187850294,3780.023450462685,2,0,1,1
22,34,75.96884448379399,4612.182159116652,2,0,1,1
46,69,30.52591851970124,2501.839152339197,3,1,0,0
21,58,36.7359733138628,2613.025130537429,3,1,0,0
27,68,117.20252564965911,7693.159384110305,4,1,1,0
34,32,42.84867467547708,7144.515835101693,1,0,0,0
27,50,117.7452117990368,6808.514143463463,3,1,1,1
34,11,73.19127065242634,3307.493233478274,2,0,1,1
37,19,33.578904706393715,208.21854823042491,3,1,1,1
41,52,29.930220275369294,733.7557470001412,1,1,0,0
22,42,40.886407070573995,2566.3513089190687,3,1,0,0
51,49,112.56373300253358,224.36901266584817,2,1,1,0
23,28,61.41502243282268,235.48327713006512,4,1,0,0
19,56,59.54342679929144,7341.166082975047,2,1,0,0
30,38,51.320626107017404,5678.652166740527,1,0,1,0
60,55,34.70618505665884,2540.7523215384062,4,1,0,0
60,42,68.78511971924064,1147.89216304753,3,0,0,0
65,49,33.00477825111387,4141.922171371109,3,1,1,0
28,22,103.54802363823276,142.23467074947922,3,1,1,0
68,43,57.03969862753065,7513.468576479338,4,1,0,0
64,37,57.48035677817963,3377.039443172683,2,0,1,1
40,22,67.40064284831558,3278.446146374929,4,0,0,0
33,44,64.41277131657516,3185.6894998960793,4,1,1,1
48,51,119.48579730593215,647.6938100633416,1,0,1,0
28,49,74.53811212183025,5142.74569435543,4,1,1,1
33,7,28.82017037898707,5890.728595063992,3,1,1,0
25,0,80.687734157693,5441.390640947493,2,0,0,1
21,7,35.158429286987996,1193.640397302215,2,0,1,0
57,28,23.093764473134197,4672.837327481181,2,0,1,0
21,4,117.07421536772482,4598.927424960805,3,0,1,1
42,46,97.3538891534564,6960.445224736918,3,1,0,0
20,33,118.01089924137669,3095.1085011676114,3,0,0,0
49,64,67.78784480222424,3034.73895490953,3,0,1,1
20,54,73.22575311489761,4986.363763873666,3,1,1,0
44,42,36.83369559191303,5101.2739626461525,4,0,1,0
46,29,44.69074266675856,3807.3532958737437,3,0,1,0
49,16,103.85492149028282,3600.1689624103265,3,0,1,1
67,25,55.61856471175942,4003.766598039273,3,0,1,0
68,7,102.6814973796419,6902.257866076164,3,1,0,1
36,46,90.90137242870318,3743.218519905889,2,1,1,0
38,71,37.71709252718655,7525.461156561598,3,0,1,0
22,45,70.74463661197422,4081.6297324109755,4,0,1,0
35,67,87.73873215187169,7598.685476129042,4,1,1,0
45,32,43.50372148038251,6679.372024765698,4,0,1,0
59,0,103.06885105200769,2963.20744866505,1,0,1,1
39,18,74.48276575451868,6922.767228243267,2,0,0,0
38,30,36.52420504426032,969.4999451888102,3,0,0,1
23,13,78.29844261646025,7407.872685209814,1,0,0,1
18,52,119.9713804155914,5089.983769154844,3,0,0,0
22,47,35.05214916634135,529.6869133262583,1,0,0,0
58,68,101.67569301195282,5189.628116841412,1,0,0,0
29,61,40.7309003187558,7796.556467743573,4,0,1,1
43,65,98.23883294600873,651.4251714555685,4,1,1,1
63,63,93.45779231214132,4482.032907262682,1,1,1,0
51,69,50.04893856004324,6007.575363099042,4,1,1,1
66,62,52.58231175644498,6501.0428349262975,1,0,1,0
31,32,99.25213919629192,3369.236976034287,2,0,1,1
43,40,66.14455118873127,1712.9158174291197,4,1,0,1
62,47,93.08180287118088,434.5040023018323,4,0,1,0
44,12,34.798414736583474,4679.836641068076,4,1,0,0
26,30,105.25577819015535,3677.9974551141254,2,0,0,0
43,67,91.08847166823192,7595.080721682717,1,1,1,0
64,3,110.69428088348339,578.7787709477873,3,1,1,1
39,18,33.237237903497245,5514.623213223445,4,1,1,0
64,69,79.30145003605978,297.2331547484516,1,0,1,0
47,12,79.91205850403252,1454.3299960132877,2,1,1,0
60,22,55.34607405467825,3683.2740993903894,3,0,1,1
65,0,65.84664245692578,3693.492298142659,4,0,1,0
34,53,23.798156328985346,5517.034289175787,2,0,0,0
43,70,94.5860038627012,7290.682975455277,2,0,1,0
53,14,74.93224794031741,5148.354055427874,3,0,1,0
18,64,25.774105186917378,7632.9272730269195,1,0,0,0
25,70,88.07558929604855,7064.763555036181,4,0,1,0
66,14,66.67820772311879,4717.548384693243,4,1,1,0
52,20,23.4461259425,6686.956412258735,1,1,0,0
69,18,116.96077268480954,5176.363121556708,1,1,1,0
32,59,114.91121430894405,720.6068642974444,1,0,1,0
64,32,71.29024161471975,5950.461313750128,3,0,1,0
39,48,29.36724207059102,849.776686012035,3,0,1,0
31,34,95.46212215985918,4793.253966500728,4,0,1,1
43,43,69.1931100105729,5650.857626280008,3,1,1,1
45,10,50.24474782893799,625.5681048657564,2,0,0,0
40,71,69.14181775285567,1923.277766019601,4,1,1,0
31,65,72.24441454054644,7333.8106348670335,3,0,1,0
41,45,76.27116990223392,4968.884488639881,1,1,0,0
19,8,64.12237136553264,2045.6595486031995,2,0,0,0
62,2,80.57553031390566,5556.370192069252,1,1,1,1
43,25,111.87347106063774,4814.533717697348,4,0,0,0
31,71,56.226808709859114,4062.4480293517922,1,1,1,1
68,47,92.5716463219949,7811.8771024058615,3,0,1,0
24,65,109.44525568242322,5499.28484151932,3,1,0,0
20,69,65.5979275759937,3065.98476637651,4,1,1,0
64,27,64.34558363819042,6420.580113407257,1,0,1,0
40,25,80.21169853547795,7088.208014077383,4,1,0,0
63,24,79.1406759422488,1089.242420182968,1,0,0,0
60,11,100.6589342326277,1684.3685249776054,2,0,0,1
64,4,67.64833837782928,1808.1933721094597,3,0,0,0
62,47,119.61229496394411,5560.573294153669,4,1,1,1
35,36,25.947156886728077,4864.012484920939,2,1,0,0
55,43,20.316784858070175,4990.033361118846,2,0,0,0
